Bashful Dragon Soother,More on the way
Blossom Tulip Bunny Soother,In stock
Bashful Bee Soother,In stock
Fuddlewuddle Hippo Soother,In stock
Fleury Sunflower Soother,In stock
Little Rambler Frog Soother,In stock
Blossom Silver Bunny Soother,In stock
Little Rambler Badger Soother,In stock
Blossom Bea Beige Bunny Soother,In stock
Woodland Beech Leaf Soother,In stock
Bredita Duck Soother,More on the way
Odell Octopus Soother,Returning to stock 2-3 months
Bashful Monkey Soother,More on the way
Cordy Roy Baby Bunny Soother,Returning to stock next week
Bartholomew Bear Soother,Returning to stock 2-3 months
Blossom Blush Bunny Soother,Returning to stock 2-3 months
Bredita Bunny Soother,More on the way
Fleury Daisy Soother,Returning to stock next week
Fuddlewuddle Elephant Soother,Returning to stock next week
Blossom Bea Beige Bunny Grabber,In stock
Blossom Blush Bunny Grabber,In stock
Blossom Tulip Bunny Grabber,In stock
Bashful Cream Bunny Grabber,In stock
Little Christopher Caterpillar Rattle,In stock
Little Rambler Fox Rattle,In stock
Bashful Beige Bunny Ring Rattle,More on the way
Bashful Blue Bunny Grabber,More on the way
My Friend Dino Rattle,Out of stock
My Friend Fox Rattle,Out of stock
Bashful Pink Bunny Grabber,More on the way
Pet Tails Book,In stock
Sea Tails Book,In stock
Jungly Tails Book,In stock
Avocado Fabric Book,In stock
Dino Tails Book,In stock
Carrot Book,In stock
My Jungle Book,In stock
My Farm Book,In stock
Sweetcorn Book,In stock
Coucou Jungle Livre,In stock
Coucou Ferme Livre,In stock
Farm Tails Book,Returning to stock next week
Garden Tails Book,More on the way
Cordy Roy Baby Elephant Wooden Ring Toy,In stock
Cordy Roy Baby Fox Wooden Ring Toy,In stock
Odyssey Octopus Wooden Ring Toy,In stock
Wilbur Whale Wooden Ring Toy,In stock
Fuddlewuddle Hippo Wooden Ring Toy,In stock
Odell Octopus Wooden Ring Toy,In stock
Fuddlewuddle Lion Wooden Ring Toy,Out of stock
Shooshu Monkey Wooden Ring Toy,Out of stock
Colin Chameleon Melamine Cup,In stock
Colin Chameleon Melamine Plate,In stock
Mattie Monkey Melamine Plate,In stock
Mattie Monkey Melamine Cup,Out of stock
Farm Tails Pair of Muslins,In stock
Sea Tails Pair of Muslins,Out of stock
Bashful Monkey Framed Print,In stock
Bashful Puppy Framed Print,In stock
Bashful Unicorn Framed Print,In stock
Farm Tails Framed Print,In stock
Jungly Tails Framed Print,In stock
Sea Tails Framed Print,In stock
Bashful Bunny Framed Print,Out of stock
Baby"s First Bashful Puppy Photo Cards,Out of stock
My Bunny Blue,Out of stock
My Bunny Pink,Out of stock
Farm Tails Bamboo Cup,In stock
Sea Tails Bamboo Cup,In stock
Sea Tails Bamboo Divided Plate,In stock
Jungly Tails Bamboo Cup,Out of stock
Odell Octopus Gift Set,In stock
Blossom Tulip Bunny Gift Set,In stock
Odyssey Octopus Gift Set,In stock
Bashful Blue Bunny Gift Set,Less than 10 left
Bashful Beige Bunny Gift Set,More on the way
Bashful Pug,In stock
Bashful Red Panda,In stock
Bashful Cream Kitten,In stock
Bashful Inky Bunny,In stock
Bashful Shimmer Bunny,In stock
Bashful Blue Bunny,In stock
Bashful Seal,In stock
Bashful Zingy Bunny,In stock
Bashful Red Dragon,In stock
Bashful Beige Bunny Soother,In stock
Bashful Hippo,In stock
Bashful Raccoon,In stock
Bashful Beige Bunny Star Musical Pull,In stock
Blossom Tulip Bunny Comforter,In stock
Blossom Silver Bunny Comforter,In stock
Blossom Tulip Bunny Star Musical Pull,Less than 10 left
Blossom Bea Beige Bunny Comforter,Returning to stock 2-3 months
Blossom Bea Beige Bunny Musical Pull,More on the way
Blossom Blush Bunny Comforter,More on the way
Cordy Roy Baby Lion,In stock
Cordy Roy Baby Bunny,In stock
Cordy Roy Baby Bunny Activity Ball,In stock
Cordy Roy Baby Fox Jitter,In stock
Cordy Roy Baby Elephant,More on the way
Cordy Roy Fox Baby,Returning to stock 3-4 weeks
Cordy Roy Baby Elephant Activity Ball,Returning to stock 2-3 months
Cordy Roy Baby Fox Activity Ball,Returning to stock 2-3 months
Cordy Roy Baby Bunny Jitter,Returning to stock 2-3 months
Cordy Roy Baby Elephant Jitter,Returning to stock 3-4 weeks
Cordy Roy Baby Lion Jitter,More on the way
Cordy Roy Baby Dino Soother,Returning to stock 3-4 weeks
Cordy Roy Baby Elephant Soother,Returning to stock 3-4 weeks
Cordy Roy Baby Fox Soother,Returning to stock 3-4 weeks
Cordy Roy Baby Hare Soother,More on the way
Cordy Roy Baby Lion Soother,More on the way
Cordy Roy Baby Fox Spiral Activity Toy,Returning to stock 2-3 months
Huddles Panda,In stock
Ambalie Bear,In stock
Tuffet Panda,Out of stock
Woody Bear Lying,In stock
Curvie Pig,More on the way
Crumble Fox,More on the way
Tumbletuft Squirrel,In stock
Tumbletuft Kitten,In stock
Cooper Labradoodle Pup,Returning to stock next week
Smuffle Cat,In stock
Smudge Elephant,In stock
Lallagie Dragon,In stock
Tumbletuft Pig,In stock
Smudge Puppy,In stock
Curvie Hippo,In stock
Amore Cat Cream,In stock
Amore Cat Black,In stock
Snuggler Puppy,In stock
Jollipop Panda,In stock
Jollipop Giraffe,In stock
Petalkin Doll Acorn,In stock
Fluffkin Doll,In stock
Bluebell Petalkin Doll,In stock
Dancing Darcey Elephant,More on the way
Backpack Elephant,Returning to stock next week
Jollipop Elephant,Returning to stock 3-4 weeks
Birdling Blue Jay,In stock
Kitten Caboodle Black,In stock
Nippit Mole,In stock
Fluffy Crab,In stock
Rock-a-Bye Bunny,In stock
Birdling Mallard,In stock
Birdling Pigeon,In stock
Bonbon Gorilla,In stock
Birdling Dove,In stock
Fluffy Octopus,In stock
Bonbon Monkey,In stock
Birdling Blue Tit,In stock
Birdling Kingfisher,In stock
Kitten Caboodle Cream,In stock
Nippit Squirrel,In stock
Birdling Puffin,In stock
Cosie Kitten,In stock
Cosie Bunny,In stock
Birdling Woodpecker,More on the way
Kitten Caboodle Ginger,More on the way
Birdling Robin,More on the way
Bonbon Sloth,More on the way
Fluffy Starfish,More on the way
Fluffy Whale,More on the way
Kai Koala,In stock
Bruce Bush Baby,In stock
Beckett Fox,Returning to stock next week
Bobbie Elly,Returning to stock next week
Brodie Monkey,Returning to stock next week
Chandler Chinchilla,More on the way
Little Bunny,In stock
Clippy Clop Palomino Pony,In stock
Rondle Pig,In stock
Flossie Unicorn,In stock
Flossie Donkey,In stock
Nuzzables Cat,In stock
Nuzzables Mouse,In stock
Rondle Elephant,In stock
Little Unicorn,In stock
Rondle Rhino,In stock
Brambling Pig,In stock
Munchkin Pup,In stock
Clippy Clop Bay Pony,In stock
Oti Owl,In stock
Minikin Pig,In stock
Suedetta Bunny,In stock
Woddletot Rhino,In stock
Peanut Panda,Less than 10 left
Casper Cat,In stock
Rolie Polie Puppy,Stock running low
Rolie Polie Monkey,In stock
Slackajack Monkey,In stock
Rolie Polie Giraffe,In stock
Pongo Orangutan,In stock
Ribble Elephant,In stock
Pandy Chimpanzee,In stock
Morgan Mallard,More on the way
Harkle Donkey,More on the way
Perdie Gorilla,Returning to stock next week
Daisy Runner Duck,More on the way
Harkle Hare,More on the way
Ribble Dog,More on the way
Ribble Giraffe,More on the way
Rolie Polie Elephant,Out of stock
Slackajack Elephant,Out of stock
Amuseable Star,More on the way
Amuseable Gingerbread House,More on the way
Amuseable Gold Poinsettia,More on the way
Amuseable Poinsettia,More on the way
Amuseable Brussels Sprout,More on the way
Amuseable Slice of Christmas Cake,More on the way
Amuseable Yule Log,More on the way
Festive Folly Christmas Pudding,More on the way
Amuseable Mince Pie,More on the way
Festive Folly Christmas Tree,More on the way
Amuseable Snowball,More on the way
Amuseable Mistletoe,More on the way
Amuseable Holly,More on the way
Amuseable Cracker,More on the way
A Reindeerâs Dream Book,More on the way
Leffy"s Christmas Gift Book,More on the way
Merry Mouse Book,More on the way
Bobbleton Bunny,In stock
Ambalie Bunny,In stock
Bashful Bunny Pink Stripes A6 Note Book,In stock
Huggady Dog Backpack,In stock
Tuffet Dog,Stock running low
Henry Hound,Only 1 or 2 left
Otto Sausage Dog,Returning to stock next week
Tumblie Sheep Dog,Returning to stock next week
Little Pup,Returning to stock next week
Bashful Terrier,More on the way
If I Were A Puppy Book and Bashful Puppy,Returning to stock next week
My Dad and Me Book,More on the way
Curvie Sheep Dog,More on the way
Fuddlewuddle Puppy,Returning to stock next week
Fuddlewuddle Cat,In stock
Merryday Cat,In stock
Bashful Black Kitten,More on the way
Mitten Kitten Sandy,More on the way
Tuffet Cat,Returning to stock 2-3 months
Little Kitten,Returning to stock 2-3 months
Munchkin Cat,Returning to stock next week
Nestie Cat,Returning to stock next week
Ellie Jellyfish,In stock
Cozy Crew Octopus,In stock
Cozi Odell Octopus,In stock
Cozy Crew Whale,In stock
Seas The Day Coral Bag Charm,In stock
Seas The Day Fuchsia Bag Charm,In stock
Neo Fish,In stock
Seas The Day Aqua Day Purse,In stock
Seas The Day Pouch,In stock
Seas The Day Coral Day Purse,In stock
Seas The Day Fuchsia Day Purse,In stock
Neo Octopus,In stock
Cozi Odyssey Octopus,Less than 10 left
Big Spottie Turtle,Stock running low
Pacey Pufferfish,More on the way
Rumpletum Bear,In stock
Tumbletuft Koala,In stock
Little Bear,More on the way
Bashful Koala,Returning to stock next week
Zingy Chick Yellow,In stock
Fancy Flamingo Purse,In stock
Zingy Chick Orange,In stock
Fancy Peacock Purse,In stock
Fancy Swan Purse,In stock
Zingy Chick Pink,In stock
Fancy Flamingo Bag Charm,In stock
Rosalie Goose,In stock
Odette Ostrich,More on the way
Huddles Duck,More on the way
Apollo Owl,Returning to stock next week
Cushy Pony,In stock
Lovely Llama Bag Charm,In stock
Poppin Pig,Stock running low
Bashful Calf,More on the way
Bobbleton Pig,More on the way
Fuddlewuddle Lamb,Returning to stock 2-3 months
Little Lamb,Returning to stock 2-3 months
Truffles Highland Cow,Returning to stock 3-4 weeks
Tumbletuft Cow,More on the way
Cushy Giraffe,In stock
Fuddlewuddle Hippo,In stock
Merryday Giraffe,In stock
Cushy Rhino,In stock
Rumpletum Elephant,In stock
Amuseable Pine Cone,In stock
Wild Nature Parasol Mushroom,In stock
Wild Nature Chanterelle Mushroom,In stock
Amuseable Toadstool,In stock
Amuseable Conker,In stock
Amuseable Cobnut,In stock
Amuseable Acorn,Returning to stock 3-4 weeks
Wild Nature Boletus Mushroom,Returning to stock next week
Fun-Guy Pattie,Returning to stock 3-4 weeks
Fun-Guy Robbie,Returning to stock 3-4 weeks
Wriggidig Ant,In stock
Buttercup Butterfly,In stock
Beatrice Butterfly,Returning to stock 3-4 weeks
Berta Bee,Returning to stock 2-3 months
Christopher Caterpillar,Returning to stock 2-3 months
Penny Praying Mantis,Returning to stock next week
Wriggidig Bug,Returning to stock 2-3 months
Wriggidig Caterpillar,Returning to stock 3-4 weeks
Amuseable Happy Boiled Egg Bag,In stock
Amuseable Toast Bag,More on the way
Divine Pouch,In stock
Divine Small Bag,In stock
Amuseable Coffee-To-Go Bag,More on the way
Amuseable Cloud Bag,Returning to stock next week
Amuseable Avocado Bag,More on the way
Amuseable Banana Bag,More on the way
Amuseable Watermelon Bag,Returning to stock next week
Amuseable Avocado Bag Charm,In stock
Delphine Bag Charm,In stock
Mint Fizz Bag Charm,In stock
Just Peachy Bag Charm,In stock
Rainbow Bag Charm,In stock
Amuseable Cloud Bag Charm,More on the way
Bashful Bunny Beige Bag Charm,More on the way
Bashful Blush Bunny Bag Charm,More on the way
Bashful Bunny Tulip Bag Charm,Returning to stock 2-3 months
Huggady Dino Backpack,In stock
Huggady Hippo Backpack,Returning to stock 3-4 weeks
Huggady Elephant Backpack,Returning to stock 3-4 weeks
